{
	"parent": "block/block",
	"textures": {
		"0": "block/blast_furnace_bottom",
		"2": "block/blast_furnace_side",
		"3": "block/blast_furnace_top",
		"4": "block/blast_furnace_off",
		"5": "block/blast_furnace_off_inner",
		"particle": "block/blast_furnace_side"
	},
	"elements": [
		{
			"from": [0, 0, 0],
			"to": [16, 16, 16],
			"faces": {
				"east": {"uv": [0, 0, 16, 16], "texture": "#2", "cullface": "east"},
				"south": {"uv": [0, 0, 16, 16], "texture": "#2", "cullface": "south"},
				"west": {"uv": [0, 0, 16, 16], "texture": "#2", "cullface": "west"},
				"up": {"uv": [0, 0, 16, 16], "texture": "#3", "cullface": "up"},
				"down": {"uv": [0, 0, 16, 16], "texture": "#0", "cullface": "down"}
			}
		},
		{
			"from": [0, 0, 0],
			"to": [16, 4, 16],
			"faces": {
				"north": {"uv": [0, 12, 16, 16], "texture": "#4", "cullface": "north"}
			}
		},
		{
			"from": [12, 0, 0],
			"to": [16, 16, 16],
			"faces": {
				"north": {"uv": [0, 0, 4, 16], "texture": "#4", "cullface": "north"}
			}
		},
		{
			"from": [0, 0, 0],
			"to": [4, 16, 16],
			"faces": {
				"north": {"uv": [12, 0, 16, 16], "texture": "#4", "cullface": "north"}
			}
		},
		{
			"from": [9, 0, 0],
			"to": [10, 16, 16],
			"faces": {
				"north": {"uv": [6, 0, 7, 16], "texture": "#4", "cullface": "north"}
			}
		},
		{
			"from": [6, 0, 0],
			"to": [7, 16, 16],
			"faces": {
				"north": {"uv": [9, 0, 10, 16], "texture": "#4", "cullface": "north"}
			}
		},
		{
			"from": [0, 9, 0],
			"to": [16, 16, 16],
			"faces": {
				"north": {"uv": [0, 0, 16, 7], "texture": "#4", "cullface": "north"}
			}
		},
		{
			"from": [1, 1, 15],
			"to": [15, 15, 0],
			"faces": {
				"north": {"uv": [8.5, 8.5, 15.5, 15.5], "texture": "#5", "cullface": "north"},
				"east": {"uv": [0, 0.5, 7.5, 7.5], "texture": "#5", "cullface": "north"},
				"west": {"uv": [7.5, 0.5, 0, 7.5], "texture": "#5", "cullface": "north"},
				"up": {"uv": [8.5, 7.5, 15.5, 0], "texture": "#5", "cullface": "north"},
				"down": {"uv": [0.5, 16, 7.5, 8.5], "texture": "#5", "cullface": "north"}
			}
		}
	]
}