{
	"texture_size": [64, 64],
	"textures": {
		"0": "block/brick_stairs",
		"particle": "block/bricks"
	},
	"elements": [
		{
			"from": [0, 0, 0],
			"to": [16, 8, 16],
			"faces": {
				"north": {"uv": [12, 0, 16, 2], "texture": "#0", "cullface": "north"},
				"east": {"uv": [0, 6, 4, 8], "texture": "#0", "cullface": "east"},
				"south": {"uv": [4, 10, 8, 12], "texture": "#0", "cullface": "south"},
				"west": {"uv": [8, 12, 12, 14], "texture": "#0", "cullface": "west"}
			}
		},
		{
			"from": [0, 8, 0],
			"to": [16, 8, 8],
			"faces": {
				"up": {"uv": [1.25, 2, 5.25, 0], "rotation": 180, "texture": "#0"}
			}
		},
		{
			"from": [8, 8, 8],
			"to": [16, 16, 16],
			"faces": {
				"north": {"uv": [14, 0, 16, 2], "texture": "#0"},
				"east": {"uv": [0, 4, 2, 6], "texture": "#0", "cullface": "east"},
				"south": {"uv": [11.75, 0, 13.75, 2], "texture": "#0", "cullface": "south"},
				"west": {"uv": [10, 8, 12, 10], "texture": "#0"},
				"up": {"uv": [3.25, 2, 5.25, 0], "rotation": 180, "texture": "#0", "cullface": "up"}
			}
		},
		{
			"from": [0, 8, 8],
			"to": [8, 8, 16],
			"faces": {
				"up": {"uv": [4.25, 0, 2.25, 2], "rotation": 270, "texture": "#0"}
			}
		}
	]
}