{
  "entity.villager.ambient": {
    "sounds": [
      "mob/villager/idle1",
      "mob/villager/idle2",
      "mob/villager/idle3",
	  "mob/villager/idle4",
	  "mob/villager/idle5",
	  "mob/villager/idle6",
	  "mob/villager/idle7",
	  "mob/villager/idle8",
	  "mob/villager/idle9",
	  "mob/villager/idle10",
	  "mob/villager/idle11",
	  "mob/villager/idle12",
	  "mob/villager/idle13"
    ],
    "subtitle": "subtitles.entity.villager.ambient"
  },
  "entity.villager.celebrate": {
    "sounds": [
      "mob/villager/yes1",
      "mob/villager/yes2",
      "mob/villager/yes3"
    ],
    "subtitle": "subtitles.entity.villager.celebrate"
  },
"entity.villager.death": {
    "sounds": [
      "mob/villager/death"
    ],
    "subtitle": "subtitles.entity.villager.death"
  },
  "entity.villager.hurt": {
    "sounds": [
      "mob/villager/hit1",
      "mob/villager/hit2",
      "mob/villager/hit3",
      "mob/villager/hit4"
    ],
    "subtitle": "subtitles.entity.villager.hurt"
  },
  "entity.villager.no": {
    "sounds": [
      "mob/villager/no1",
      "mob/villager/no2",
      "mob/villager/no3"
    ],
    "subtitle": "subtitles.entity.villager.no"
  },
  "entity.villager.trade": {
    "sounds": [
      "mob/villager/haggle1",
      "mob/villager/haggle2",
      "mob/villager/haggle3"
    ],
    "subtitle": "subtitles.entity.villager.trade"
  },
  "entity.villager.yes": {
    "sounds": [
      "mob/villager/yes1",
      "mob/villager/yes2",
      "mob/villager/yes3"
    ],
    "subtitle": "subtitles.entity.villager.yes"
  }
 }
 