{
  "providers": [
    {
      "type": "space",
      "advances": {
        "\uE999": -8
      }
    },
    {
      "type": "bitmap",
      "file": "minecraft:gui/hunger/apple.png",
      "ascent": 12,
      "height": 17,
      "chars": [ "\uE782" ]
    },
    {
      "type": "bitmap",
      "file": "minecraft:gui/hunger/baked_potato.png",
      "ascent": 12,
      "height": 17,
      "chars": [ "\uE783" ]
    },
    {
      "type": "bitmap",
      "file": "minecraft:gui/hunger/beetroot.png",
      "ascent": 12,
      "height": 17,
      "chars": [ "\uE784" ]
    },
    {
      "type": "bitmap",
      "file": "minecraft:gui/hunger/beetroot_stew.png",
      "ascent": 12,
      "height": 17,
      "chars": [ "\uE785" ]
    },
    {
      "type": "bitmap",
      "file": "minecraft:gui/hunger/bread.png",
      "ascent": 12,
      "height": 17,
      "chars": [ "\uE786" ]
    },
    {
      "type": "bitmap",
      "file": "minecraft:gui/hunger/cake.png",
      "ascent": 12,
      "height": 17,
      "chars": [ "\uE787" ]
    },
    {
      "type": "bitmap",
      "file": "minecraft:gui/hunger/carrot.png",
      "ascent": 12,
      "height": 17,
      "chars": [ "\uE788" ]
    },
    {
      "type": "bitmap",
      "file": "minecraft:gui/hunger/chorus_fruit.png",
      "ascent": 12,
      "height": 33,
      "chars": [ "\uE789" ]
    },
    {
      "type": "bitmap",
      "file": "minecraft:gui/hunger/cooked_beef.png",
      "ascent": 12,
      "height": 17,
      "chars": [ "\uE790" ]
    },
    {
      "type": "bitmap",
      "file": "minecraft:gui/hunger/cooked_chicken.png",
      "ascent": 12,
      "height": 17,
      "chars": [ "\uE791" ]
    },
    {
      "type": "bitmap",
      "file": "minecraft:gui/hunger/cooked_cod.png",
      "ascent": 12,
      "height": 17,
      "chars": [ "\uE792" ]
    },
    {
      "type": "bitmap",
      "file": "minecraft:gui/hunger/cooked_mutton.png",
      "ascent": 12,
      "height": 17,
      "chars": [ "\uE793" ]
    },
    {
      "type": "bitmap",
      "file": "minecraft:gui/hunger/cooked_porkchop.png",
      "ascent": 12,
      "height": 17,
      "chars": [ "\uE794" ]
    },
    {
      "type": "bitmap",
      "file": "minecraft:gui/hunger/cooked_rabbit.png",
      "ascent": 12,
      "height": 17,
      "chars": [ "\uE795" ]
    },
    {
      "type": "bitmap",
      "file": "minecraft:gui/hunger/cooked_salmon.png",
      "ascent": 12,
      "height": 17,
      "chars": [ "\uE796" ]
    },
    {
      "type": "bitmap",
      "file": "minecraft:gui/hunger/cookie.png",
      "ascent": 12,
      "height": 17,
      "chars": [ "\uE797" ]
    },
    {
      "type": "bitmap",
      "file": "minecraft:gui/hunger/dried_kelp.png",
      "ascent": 12,
      "height": 17,
      "chars": [ "\uE798" ]
    },
    {
      "type": "bitmap",
      "file": "minecraft:gui/hunger/enchanted_golden_apple.png",
      "ascent": 12,
      "height": 33,
      "chars": [ "\uE799" ]
    },
    {
      "type": "bitmap",
      "file": "minecraft:gui/hunger/glow_berries.png",
      "ascent": 12,
      "height": 17,
      "chars": [ "\uE800" ]
    },
    {
      "type": "bitmap",
      "file": "minecraft:gui/hunger/golden_apple.png",
      "ascent": 12,
      "height": 33,
      "chars": [ "\uE801" ]
    },
    {
      "type": "bitmap",
      "file": "minecraft:gui/hunger/honey_bottle.png",
      "ascent": 12,
      "height": 17,
      "chars": [ "\uE802" ]
    },
    {
      "type": "bitmap",
      "file": "minecraft:gui/hunger/melon_slice.png",
      "ascent": 12,
      "height": 17,
      "chars": [ "\uE803" ]
    },
    {
      "type": "bitmap",
      "file": "minecraft:gui/hunger/mushroom_stew.png",
      "ascent": 12,
      "height": 17,
      "chars": [ "\uE804" ]
    },
    {
      "type": "bitmap",
      "file": "minecraft:gui/hunger/poisonous_potato.png",
      "ascent": 12,
      "height": 17,
      "chars": [ "\uE805" ]
    },
    {
      "type": "bitmap",
      "file": "minecraft:gui/hunger/potato.png",
      "ascent": 12,
      "height": 17,
      "chars": [ "\uE806" ]
    },
    {
      "type": "bitmap",
      "file": "minecraft:gui/hunger/pufferfish.png",
      "ascent": 12,
      "height": 33,
      "chars": [ "\uE807" ]
    },
    {
      "type": "bitmap",
      "file": "minecraft:gui/hunger/pumpkin_pie.png",
      "ascent": 12,
      "height": 17,
      "chars": [ "\uE808" ]
    },
    {
      "type": "bitmap",
      "file": "minecraft:gui/hunger/rabbit_stew.png",
      "ascent": 12,
      "height": 17,
      "chars": [ "\uE809" ]
    },
    {
      "type": "bitmap",
      "file": "minecraft:gui/hunger/raw_beef.png",
      "ascent": 12,
      "height": 17,
      "chars": [ "\uE810" ]
    },
    {
      "type": "bitmap",
      "file": "minecraft:gui/hunger/raw_chicken.png",
      "ascent": 12,
      "height": 33,
      "chars": [ "\uE811" ]
    },
    {
      "type": "bitmap",
      "file": "minecraft:gui/hunger/raw_cod.png",
      "ascent": 12,
      "height": 17,
      "chars": [ "\uE812" ]
    },
    {
      "type": "bitmap",
      "file": "minecraft:gui/hunger/raw_mutton.png",
      "ascent": 12,
      "height": 17,
      "chars": [ "\uE813" ]
    },
    {
      "type": "bitmap",
      "file": "minecraft:gui/hunger/raw_porkchop.png",
      "ascent": 12,
      "height": 17,
      "chars": [ "\uE814" ]
    },
    {
      "type": "bitmap",
      "file": "minecraft:gui/hunger/raw_rabbit.png",
      "ascent": 12,
      "height": 17,
      "chars": [ "\uE815" ]
    },
    {
      "type": "bitmap",
      "file": "minecraft:gui/hunger/raw_salmon.png",
      "ascent": 12,
      "height": 17,
      "chars": [ "\uE816" ]
    },
    {
      "type": "bitmap",
      "file": "minecraft:gui/hunger/rotten_flesh.png",
      "ascent": 12,
      "height": 33,
      "chars": [ "\uE817" ]
    },
    {
      "type": "bitmap",
      "file": "minecraft:gui/hunger/spider_eye.png",
      "ascent": 12,
      "height": 33,
      "chars": [ "\uE818" ]
    },
    {
      "type": "bitmap",
      "file": "minecraft:gui/hunger/suspicious_stew.png",
      "ascent": 12,
      "height": 17,
      "chars": [ "\uE819" ]
    },
    {
      "type": "bitmap",
      "file": "minecraft:gui/hunger/sweet_berries.png",
      "ascent": 12,
      "height": 17,
      "chars": [ "\uE820" ]
    },
    {
      "type": "bitmap",
      "file": "minecraft:gui/hunger/tropical_fish.png",
      "ascent": 12,
      "height": 17,
      "chars": [ "\uE821" ]
    },
    {
      "type": "bitmap",
      "file": "minecraft:gui/hunger/golden_carrot.png",
      "ascent": 12,
      "height": 17,
      "chars": [ "\uE889" ]
    },


    {
      "type": "bitmap",
      "file": "minecraft:gui/slab/brick_slab.png",
      "ascent": 8,
      "height": 12,
      "chars": [ "\uE822" ]
    },
    {
      "type": "bitmap",
      "file": "minecraft:gui/slab/cobblestone_slab.png",
      "ascent": 8,
      "height": 12,
      "chars": [ "\uE823" ]
    },
    {
      "type": "bitmap",
      "file": "minecraft:gui/slab/cut_copper_slab.png",
      "ascent": 8,
      "height": 12,
      "chars": [ "\uE824" ]
    },
    {
      "type": "bitmap",
      "file": "minecraft:gui/slab/cut_red_sandstone_slab.png",
      "ascent": 8,
      "height": 12,
      "chars": [ "\uE825" ]
    },
    {
      "type": "bitmap",
      "file": "minecraft:gui/slab/cut_sandstone_slab.png",
      "ascent": 8,
      "height": 12,
      "chars": [ "\uE826" ]
    },
    {
      "type": "bitmap",
      "file": "minecraft:gui/slab/exposed_cut_copper_slab.png",
      "ascent": 8,
      "height": 12,
      "chars": [ "\uE827" ]
    },
    {
      "type": "bitmap",
      "file": "minecraft:gui/slab/jungle_slab.png",
      "ascent": 8,
      "height": 12,
      "chars": [ "\uE828" ]
    },
    {
      "type": "bitmap",
      "file": "minecraft:gui/slab/nether_brick_slab.png",
      "ascent": 8,
      "height": 12,
      "chars": [ "\uE829" ]
    },
    {
      "type": "bitmap",
      "file": "minecraft:gui/slab/oxidized_cut_copper_slab.png",
      "ascent": 8,
      "height": 12,
      "chars": [ "\uE830" ]
    },
    {
      "type": "bitmap",
      "file": "minecraft:gui/slab/polished_andesite_slab.png",
      "ascent": 8,
      "height": 12,
      "chars": [ "\uE831" ]
    },
    {
      "type": "bitmap",
      "file": "minecraft:gui/slab/polished_diorite_slab.png",
      "ascent": 8,
      "height": 12,
      "chars": [ "\uE832" ]
    },
    {
      "type": "bitmap",
      "file": "minecraft:gui/slab/polished_granite_slab.png",
      "ascent": 8,
      "height": 12,
      "chars": [ "\uE833" ]
    },
    {
      "type": "bitmap",
      "file": "minecraft:gui/slab/prismarine_brick_slab.png",
      "ascent": 8,
      "height": 12,
      "chars": [ "\uE834" ]
    },
    {
      "type": "bitmap",
      "file": "minecraft:gui/slab/quartz_slab.png",
      "ascent": 8,
      "height": 12,
      "chars": [ "\uE835" ]
    },
    {
      "type": "bitmap",
      "file": "minecraft:gui/slab/red_sandstone_slab.png",
      "ascent": 8,
      "height": 12,
      "chars": [ "\uE836" ]
    },
    {
      "type": "bitmap",
      "file": "minecraft:gui/slab/sandstone_slab.png",
      "ascent": 8,
      "height": 12,
      "chars": [ "\uE837" ]
    },
    {
      "type": "bitmap",
      "file": "minecraft:gui/slab/smooth_stone_slab.png",
      "ascent": 8,
      "height": 12,
      "chars": [ "\uE838" ]
    },
    {
      "type": "bitmap",
      "file": "minecraft:gui/slab/weathered_cut_copper_slab.png",
      "ascent": 8,
      "height": 12,
      "chars": [ "\uE839" ]
    },
    {
      "type": "bitmap",
      "file": "minecraft:gui/slab/mossy_cobblestone_slab.png",
      "ascent": 8,
      "height": 12,
      "chars": [ "\uE840" ]
    },
    {
      "type": "bitmap",
      "file": "minecraft:gui/slab/deepslate_tile_slab.png",
      "ascent": 8,
      "height": 12,
      "chars": [ "\uE842" ]
    },
    {
      "type": "bitmap",
      "file": "minecraft:gui/slab/polished_deepslate_slab.png",
      "ascent": 8,
      "height": 12,
      "chars": [ "\uE843" ]
    },
    {
      "type": "bitmap",
      "file": "minecraft:gui/slab/polished_blackstone_slab.png",
      "ascent": 8,
      "height": 12,
      "chars": [ "\uE844" ]
    },
    {
      "type": "bitmap",
      "file": "minecraft:gui/slab/purpur_slab.png",
      "ascent": 8,
      "height": 12,
      "chars": [ "\uE845" ]
    },
    {
      "type": "bitmap",
      "file": "minecraft:gui/slab/oak_slab.png",
      "ascent": 8,
      "height": 12,
      "chars": [ "\uE846" ]
    },
    {
      "type": "bitmap",
      "file": "minecraft:gui/slab/birch_slab.png",
      "ascent": 8,
      "height": 12,
      "chars": [ "\uE847" ]
    },
    {
      "type": "bitmap",
      "file": "minecraft:gui/slab/spruce_slab.png",
      "ascent": 8,
      "height": 12,
      "chars": [ "\uE848" ]
    },
    {
      "type": "bitmap",
      "file": "minecraft:gui/slab/acacia_slab.png",
      "ascent": 8,
      "height": 12,
      "chars": [ "\uE849" ]
    },
    {
      "type": "bitmap",
      "file": "minecraft:gui/slab/dark_oak_slab.png",
      "ascent": 8,
      "height": 12,
      "chars": [ "\uE850" ]
    },
    {
      "type": "bitmap",
      "file": "minecraft:gui/slab/crimson_slab.png",
      "ascent": 8,
      "height": 12,
      "chars": [ "\uE890" ]
    },
    {
      "type": "bitmap",
      "file": "minecraft:gui/slab/warped_slab.png",
      "ascent": 8,
      "height": 12,
      "chars": [ "\uE891" ]
    },
    {
      "type": "bitmap",
      "file": "minecraft:gui/slab/prismarine_slab.png",
      "ascent": 8,
      "height": 12,
      "chars": [ "\uE892" ]
    },
    {
      "type": "bitmap",
      "file": "minecraft:gui/slab/mangrove_slab.png",
      "ascent": 8,
      "height": 12,
      "chars": [ "\uE910" ]
    },
    {
      "type": "bitmap",
      "file": "minecraft:gui/slab/stone_brick_slab.png",
      "ascent": 8,
      "height": 12,
      "chars": [ "\uE912" ]
    },
    {
      "type": "bitmap",
      "file": "minecraft:gui/slab/red_nether_brick_slab.png",
      "ascent": 8,
      "height": 12,
      "chars": [ "\uE913" ]
    },
    {
      "type": "bitmap",
      "file": "minecraft:gui/slab/end_stone_brick_slab.png",
      "ascent": 8,
      "height": 12,
      "chars": [ "\uE914" ]
    },
    {
      "type": "bitmap",
      "file": "minecraft:gui/slab/polished_blackstone_brick_slab.png",
      "ascent": 8,
      "height": 12,
      "chars": [ "\uE915" ]
    },
    {
      "type": "bitmap",
      "file": "minecraft:gui/slab/mossy_stone_brick_slab.png",
      "ascent": 8,
      "height": 12,
      "chars": [ "\uE916" ]
    },
    {
      "type": "bitmap",
      "file": "minecraft:gui/slab/deepslate_brick_slab.png",
      "ascent": 8,
      "height": 12,
      "chars": [ "\uE917" ]
    },
    {
      "type": "bitmap",
      "file": "minecraft:gui/slab/cobbled_deepslate_slab.png",
      "ascent": 8,
      "height": 12,
      "chars": [ "\uE918" ]
    },
    {
      "type": "bitmap",
      "file": "minecraft:gui/slab/dark_prismarine_slab.png",
      "ascent": 8,
      "height": 12,
      "chars": [ "\uE919" ]
    },
    {
      "type": "bitmap",
      "file": "minecraft:gui/slab/smooth_sandstone_slab.png",
      "ascent": 8,
      "height": 12,
      "chars": [ "\uE920" ]
    },
    {
      "type": "bitmap",
      "file": "minecraft:gui/slab/smooth_red_sandstone_slab.png",
      "ascent": 8,
      "height": 12,
      "chars": [ "\uE921" ]
    },
    {
      "type": "bitmap",
      "file": "minecraft:gui/slab/stone_slab.png",
      "ascent": 8,
      "height": 12,
      "chars": [ "\uE922" ]
    },
    {
      "type": "bitmap",
      "file": "minecraft:gui/slab/smooth_quartz_slab.png",
      "ascent": 8,
      "height": 12,
      "chars": [ "\uE923" ]
    },
    {
      "type": "bitmap",
      "file": "minecraft:gui/slab/blackstone_slab.png",
      "ascent": 8,
      "height": 12,
      "chars": [ "\uE924" ]
    },
    {
      "type": "bitmap",
      "file": "minecraft:gui/slab/granite_slab.png",
      "ascent": 8,
      "height": 12,
      "chars": [ "\uE925" ]
    },
    {
      "type": "bitmap",
      "file": "minecraft:gui/slab/diorite_slab.png",
      "ascent": 8,
      "height": 12,
      "chars": [ "\uE926" ]
    },
    {
      "type": "bitmap",
      "file": "minecraft:gui/slab/andesite_slab.png",
      "ascent": 8,
      "height": 12,
      "chars": [ "\uE927" ]
    },
    {
      "type": "bitmap",
      "file": "minecraft:gui/slab/mud_brick_slab.png",
      "ascent": 8,
      "height": 12,
      "chars": [ "\uE928" ]
    },
    {
      "type": "bitmap",
      "file": "minecraft:gui/slab/bamboo_planks_slab.png",
      "ascent": 8,
      "height": 12,
      "chars": [ "\uE969" ]
    },
    {
      "type": "bitmap",
      "file": "minecraft:gui/slab/bamboo_mosaic_slab.png",
      "ascent": 8,
      "height": 12,
      "chars": [ "\uE970" ]
    },
    {
      "type": "bitmap",
      "file": "minecraft:gui/slab/cherry_slab.png",
      "ascent": 8,
      "height": 12,
      "chars": [ "\uE975" ]
    },
    {
      "type": "bitmap",
      "file": "minecraft:gui/slab/tuff_slab.png",
      "ascent": 8,
      "height": 12,
      "chars": [ "\uE97E" ]
    },
    {
      "type": "bitmap",
      "file": "minecraft:gui/slab/tuff_brick_slab.png",
      "ascent": 8,
      "height": 12,
      "chars": [ "\uE97F" ]
    },
    {
      "type": "bitmap",
      "file": "minecraft:gui/slab/polished_tuff_slab.png",
      "ascent": 8,
      "height": 12,
      "chars": [ "\uE98A" ]
    },


    {
      "type": "bitmap",
      "file": "minecraft:gui/enchant/sharpness.png",
      "ascent": 8,
      "height": 10,
      "chars": [ "\uE851" ]
    },
    {
      "type": "bitmap",
      "file": "minecraft:gui/enchant/smite.png",
      "ascent": 8,
      "height": 10,
      "chars": [ "\uE852" ]
    },
    {
      "type": "bitmap",
      "file": "minecraft:gui/enchant/bane_of_arthropods.png",
      "ascent": 8,
      "height": 10,
      "chars": [ "\uE853" ]
    },
    {
      "type": "bitmap",
      "file": "minecraft:gui/enchant/knockback.png",
      "ascent": 8,
      "height": 10,
      "chars": [ "\uE854" ]
    },
    {
      "type": "bitmap",
      "file": "minecraft:gui/enchant/fire_aspect.png",
      "ascent": 8,
      "height": 10,
      "chars": [ "\uE855" ]
    },
    {
      "type": "bitmap",
      "file": "minecraft:gui/enchant/sweeping_edge.png",
      "ascent": 8,
      "height": 10,
      "chars": [ "\uE856" ]
    },
    {
      "type": "bitmap",
      "file": "minecraft:gui/enchant/protection.png",
      "ascent": 8,
      "height": 10,
      "chars": [ "\uE857" ]
    },
    {
      "type": "bitmap",
      "file": "minecraft:gui/enchant/fire_protection.png",
      "ascent": 8,
      "height": 10,
      "chars": [ "\uE858" ]
    },
    {
      "type": "bitmap",
      "file": "minecraft:gui/enchant/feather_falling.png",
      "ascent": 8,
      "height": 10,
      "chars": [ "\uE859" ]
    },
    {
      "type": "bitmap",
      "file": "minecraft:gui/enchant/blast_protection.png",
      "ascent": 8,
      "height": 10,
      "chars": [ "\uE860" ]
    },
    {
      "type": "bitmap",
      "file": "minecraft:gui/enchant/projectile_protection.png",
      "ascent": 8,
      "height": 10,
      "chars": [ "\uE861" ]
    },
    {
      "type": "bitmap",
      "file": "minecraft:gui/enchant/respiration.png",
      "ascent": 8,
      "height": 10,
      "chars": [ "\uE862" ]
    },
    {
      "type": "bitmap",
      "file": "minecraft:gui/enchant/aqua_affinity.png",
      "ascent": 8,
      "height": 10,
      "chars": [ "\uE863" ]
    },
    {
      "type": "bitmap",
      "file": "minecraft:gui/enchant/depth_strider.png",
      "ascent": 8,
      "height": 10,
      "chars": [ "\uE864" ]
    },
    {
      "type": "bitmap",
      "file": "minecraft:gui/enchant/frost_walker.png",
      "ascent": 8,
      "height": 10,
      "chars": [ "\uE865" ]
    },
    {
      "type": "bitmap",
      "file": "minecraft:gui/enchant/soul_speed.png",
      "ascent": 8,
      "height": 10,
      "chars": [ "\uE866" ]
    },
    {
      "type": "bitmap",
      "file": "minecraft:gui/enchant/efficiency.png",
      "ascent": 8,
      "height": 10,
      "chars": [ "\uE867" ]
    },
    {
      "type": "bitmap",
      "file": "minecraft:gui/enchant/silk_touch.png",
      "ascent": 8,
      "height": 10,
      "chars": [ "\uE868" ]
    },
    {
      "type": "bitmap",
      "file": "minecraft:gui/enchant/unbreaking.png",
      "ascent": 8,
      "height": 10,
      "chars": [ "\uE869" ]
    },
    {
      "type": "bitmap",
      "file": "minecraft:gui/enchant/looting.png",
      "ascent": 8,
      "height": 10,
      "chars": [ "\uE870" ]
    },
    {
      "type": "bitmap",
      "file": "minecraft:gui/enchant/fortune.png",
      "ascent": 8,
      "height": 10,
      "chars": [ "\uE871" ]
    },
    {
      "type": "bitmap",
      "file": "minecraft:gui/enchant/luck_of_the_sea.png",
      "ascent": 8,
      "height": 10,
      "chars": [ "\uE872" ]
    },
    {
      "type": "bitmap",
      "file": "minecraft:gui/enchant/lure.png",
      "ascent": 8,
      "height": 10,
      "chars": [ "\uE873" ]
    },
    {
      "type": "bitmap",
      "file": "minecraft:gui/enchant/power.png",
      "ascent": 8,
      "height": 10,
      "chars": [ "\uE874" ]
    },
    {
      "type": "bitmap",
      "file": "minecraft:gui/enchant/flame.png",
      "ascent": 8,
      "height": 10,
      "chars": [ "\uE875" ]
    },
    {
      "type": "bitmap",
      "file": "minecraft:gui/enchant/punch.png",
      "ascent": 8,
      "height": 10,
      "chars": [ "\uE876" ]
    },
    {
      "type": "bitmap",
      "file": "minecraft:gui/enchant/infinity.png",
      "ascent": 8,
      "height": 10,
      "chars": [ "\uE877" ]
    },
    {
      "type": "bitmap",
      "file": "minecraft:gui/enchant/thorns.png",
      "ascent": 8,
      "height": 10,
      "chars": [ "\uE878" ]
    },
    {
      "type": "bitmap",
      "file": "minecraft:gui/enchant/mending.png",
      "ascent": 8,
      "height": 10,
      "chars": [ "\uE879" ]
    },
    {
      "type": "bitmap",
      "file": "minecraft:gui/enchant/curse_of_binding.png",
      "ascent": 8,
      "height": 10,
      "chars": [ "\uE880" ]
    },
    {
      "type": "bitmap",
      "file": "minecraft:gui/enchant/curse_of_vanishing.png",
      "ascent": 8,
      "height": 10,
      "chars": [ "\uE881" ]
    },
    {
      "type": "bitmap",
      "file": "minecraft:gui/enchant/loyalty.png",
      "ascent": 8,
      "height": 10,
      "chars": [ "\uE882" ]
    },
    {
      "type": "bitmap",
      "file": "minecraft:gui/enchant/impaling.png",
      "ascent": 8,
      "height": 10,
      "chars": [ "\uE883" ]
    },
    {
      "type": "bitmap",
      "file": "minecraft:gui/enchant/riptide.png",
      "ascent": 8,
      "height": 10,
      "chars": [ "\uE884" ]
    },
    {
      "type": "bitmap",
      "file": "minecraft:gui/enchant/channeling.png",
      "ascent": 8,
      "height": 10,
      "chars": [ "\uE885" ]
    },
    {
      "type": "bitmap",
      "file": "minecraft:gui/enchant/multishot.png",
      "ascent": 8,
      "height": 10,
      "chars": [ "\uE886" ]
    },
    {
      "type": "bitmap",
      "file": "minecraft:gui/enchant/quick_charge.png",
      "ascent": 8,
      "height": 10,
      "chars": [ "\uE887" ]
    },
    {
      "type": "bitmap",
      "file": "minecraft:gui/enchant/piercing.png",
      "ascent": 8,
      "height": 10,
      "chars": [ "\uE888" ]
    },
    {
      "type": "bitmap",
      "file": "minecraft:gui/enchant/swift_sneak.png",
      "ascent": 8,
      "height": 10,
      "chars": [ "\uE972" ]
    },


    {
      "type": "bitmap",
      "file": "minecraft:gui/peaceful.png",
      "ascent": 9,
      "height": 10,
      "chars": [ "\uE897" ]
    },
    {
      "type": "bitmap",
      "file": "minecraft:gui/easy.png",
      "ascent": 9,
      "height": 10,
      "chars": [ "\uE898" ]
    },
    {
      "type": "bitmap",
      "file": "minecraft:gui/normal.png",
      "ascent": 9,
      "height": 10,
      "chars": [ "\uE899" ]
    },
    {
      "type": "bitmap",
      "file": "minecraft:gui/hard.png",
      "ascent": 9,
      "height": 10,
      "chars": [ "\uE900" ]
    },


    {
      "type": "bitmap",
      "file": "minecraft:gui/bar_wither.png",
      "ascent": 5,
      "height": 18,
      "chars": [ "\uE901" ]
    },
    {
      "type": "bitmap",
      "file": "minecraft:gui/bar_dragon.png",
      "ascent": 5,
      "height": 18,
      "chars": [ "\uE902" ]
    },
    {
      "type": "bitmap",
      "file": "minecraft:gui/bar_raid.png",
      "ascent": 5,
      "height": 18,
      "chars": [ "\uE903" ]
    },


    {
      "type": "bitmap",
      "file": "minecraft:gui/title/game_menu.png",
      "ascent": 20,
      "height": 32,
      "chars": [ "\uE906" ]
    },
    {
      "type": "bitmap",
      "file": "minecraft:gui/title/paused.png",
      "ascent": 0,
      "height": 32,
      "chars": [ "\uE907" ]
    },
    {
      "type": "bitmap",
      "file": "minecraft:gui/title/you_died.png",
      "ascent": 15,
      "height": 16,
      "chars": [ "\uE908" ]
    },
    {
      "type": "bitmap",
      "file": "minecraft:gui/title/game_over.png",
      "ascent": 15,
      "height": 16,
      "chars": [ "\uE909" ]
    },


    {
      "type": "bitmap",
      "file": "minecraft:gui/ui/achievements.png",
      "ascent": 12,
      "height": 16,
      "chars": [ "\uE893" ]
    },
    {
      "type": "bitmap",
      "file": "minecraft:gui/ui/statistics.png",
      "ascent": 12,
      "height": 16,
      "chars": [ "\uE894" ]
    },
    {
      "type": "bitmap",
      "file": "minecraft:gui/ui/feedback.png",
      "ascent": 12,
      "height": 16,
      "chars": [ "\uE895" ]
    },
    {
      "type": "bitmap",
      "file": "minecraft:gui/ui/report.png",
      "ascent": 12,
      "height": 16,
      "chars": [ "\uE896" ]
    },
    {
      "type": "bitmap",
      "file": "minecraft:gui/ui/options.png",
      "ascent": 12,
      "height": 16,
      "chars": [ "\uE930" ]
    },
    {
      "type": "bitmap",
      "file": "minecraft:gui/ui/lan.png",
      "ascent": 12,
      "height": 16,
      "chars": [ "\uE931" ]
    },
    {
      "type": "bitmap",
      "file": "minecraft:gui/ui/skin.png",
      "ascent": 12,
      "height": 16,
      "chars": [ "\uE932" ]
    },
    {
      "type": "bitmap",
      "file": "minecraft:gui/ui/music.png",
      "ascent": 12,
      "height": 16,
      "chars": [ "\uE933" ]
    },
    {
      "type": "bitmap",
      "file": "minecraft:gui/ui/video.png",
      "ascent": 12,
      "height": 16,
      "chars": [ "\uE934" ]
    },
    {
      "type": "bitmap",
      "file": "minecraft:gui/ui/controls.png",
      "ascent": 12,
      "height": 16,
      "chars": [ "\uE935" ]
    },
    {
      "type": "bitmap",
      "file": "minecraft:gui/ui/language.png",
      "ascent": 12,
      "height": 16,
      "chars": [ "\uE936" ]
    },
    {
      "type": "bitmap",
      "file": "minecraft:gui/ui/chat.png",
      "ascent": 12,
      "height": 16,
      "chars": [ "\uE937" ]
    },
    {
      "type": "bitmap",
      "file": "minecraft:gui/ui/resource_packs.png",
      "ascent": 12,
      "height": 16,
      "chars": [ "\uE938" ]
    },
    {
      "type": "bitmap",
      "file": "minecraft:gui/ui/accessibility.png",
      "ascent": 12,
      "height": 16,
      "chars": [ "\uE939" ]
    },


    {
      "type": "bitmap",
      "file": "minecraft:gui/shift.png",
      "ascent": 12,
      "height": 16,
      "chars": [ "\uE971" ]
    },
    {
      "type": "bitmap",
      "file": "minecraft:gui/ctrl.png",
      "ascent": 12,
      "height": 16,
      "chars": [ "\uE973" ]
    },
    {
      "type": "bitmap",
      "file": "minecraft:gui/alt.png",
      "ascent": 12,
      "height": 16,
      "chars": [ "\uE974" ]
    },
    {
      "type": "bitmap",
      "file": "minecraft:gui/container/brewing_chart.png",
      "ascent": 13,
      "height": 166,
      "chars": [ "\uE911" ]
    },

    {
      "type": "bitmap",
      "file": "minecraft:gui/amethyst.png",
      "ascent": 12,
      "height": 16,
      "chars": [ "\uE841" ]
    },
    {
      "type": "bitmap",
      "file": "minecraft:gui/copper.png",
      "ascent": 12,
      "height": 16,
      "chars": [ "\uE945" ]
    },
    {
      "type": "bitmap",
      "file": "minecraft:gui/diamond.png",
      "ascent": 12,
      "height": 16,
      "chars": [ "\uE904" ]
    },
    {
      "type": "bitmap",
      "file": "minecraft:gui/emerald.png",
      "ascent": 12,
      "height": 16,
      "chars": [ "\uE905" ]
    },
    {
      "type": "bitmap",
      "file": "minecraft:gui/gold.png",
      "ascent": 12,
      "height": 16,
      "chars": [ "\uE929" ]
    },
    {
      "type": "bitmap",
      "file": "minecraft:gui/iron.png",
      "ascent": 12,
      "height": 16,
      "chars": [ "\uE940" ]
    },
    {
      "type": "bitmap",
      "file": "minecraft:gui/lapis.png",
      "ascent": 12,
      "height": 16,
      "chars": [ "\uE941" ]
    },
    {
      "type": "bitmap",
      "file": "minecraft:gui/netherite.png",
      "ascent": 12,
      "height": 16,
      "chars": [ "\uE942" ]
    },
    {
      "type": "bitmap",
      "file": "minecraft:gui/quartz.png",
      "ascent": 12,
      "height": 16,
      "chars": [ "\uE943" ]
    },
    {
      "type": "bitmap",
      "file": "minecraft:gui/redstone.png",
      "ascent": 12,
      "height": 16,
      "chars": [ "\uE944" ]
    },


    {
      "type": "bitmap",
      "file": "minecraft:gui/painting/alban.png",
      "ascent": 13,
      "height": 16,
      "chars": [ "\uE946" ]
    },
    {
      "type": "bitmap",
      "file": "minecraft:gui/painting/aztec.png",
      "ascent": 13,
      "height": 16,
      "chars": [ "\uE947" ]
    },
    {
      "type": "bitmap",
      "file": "minecraft:gui/painting/aztec2.png",
      "ascent": 13,
      "height": 16,
      "chars": [ "\uE948" ]
    },
    {
      "type": "bitmap",
      "file": "minecraft:gui/painting/bomb.png",
      "ascent": 13,
      "height": 16,
      "chars": [ "\uE949" ]
    },
    {
      "type": "bitmap",
      "file": "minecraft:gui/painting/burning_skull.png",
      "ascent": 13,
      "height": 16,
      "chars": [ "\uE950" ]
    },
    {
      "type": "bitmap",
      "file": "minecraft:gui/painting/bust.png",
      "ascent": 13,
      "height": 16,
      "chars": [ "\uE951" ]
    },
    {
      "type": "bitmap",
      "file": "minecraft:gui/painting/courbet.png",
      "ascent": 13,
      "height": 16,
      "chars": [ "\uE952" ]
    },
    {
      "type": "bitmap",
      "file": "minecraft:gui/painting/creebet.png",
      "ascent": 13,
      "height": 16,
      "chars": [ "\uE953" ]
    },
    {
      "type": "bitmap",
      "file": "minecraft:gui/painting/donkey_kong.png",
      "ascent": 13,
      "height": 16,
      "chars": [ "\uE954" ]
    },
    {
      "type": "bitmap",
      "file": "minecraft:gui/painting/earth.png",
      "ascent": 13,
      "height": 16,
      "chars": [ "\uE955" ]
    },
    {
      "type": "bitmap",
      "file": "minecraft:gui/painting/fighters.png",
      "ascent": 13,
      "height": 16,
      "chars": [ "\uE956" ]
    },
    {
      "type": "bitmap",
      "file": "minecraft:gui/painting/fire.png",
      "ascent": 13,
      "height": 16,
      "chars": [ "\uE957" ]
    },
    {
      "type": "bitmap",
      "file": "minecraft:gui/painting/graham.png",
      "ascent": 13,
      "height": 16,
      "chars": [ "\uE958" ]
    },
    {
      "type": "bitmap",
      "file": "minecraft:gui/painting/kebab.png",
      "ascent": 13,
      "height": 16,
      "chars": [ "\uE959" ]
    },
    {
      "type": "bitmap",
      "file": "minecraft:gui/painting/match.png",
      "ascent": 13,
      "height": 16,
      "chars": [ "\uE960" ]
    },
    {
      "type": "bitmap",
      "file": "minecraft:gui/painting/pigscene.png",
      "ascent": 13,
      "height": 16,
      "chars": [ "\uE961" ]
    },
    {
      "type": "bitmap",
      "file": "minecraft:gui/painting/plant.png",
      "ascent": 13,
      "height": 16,
      "chars": [ "\uE962" ]
    },
    {
      "type": "bitmap",
      "file": "minecraft:gui/painting/pointer.png",
      "ascent": 13,
      "height": 16,
      "chars": [ "\uE963" ]
    },
    {
      "type": "bitmap",
      "file": "minecraft:gui/painting/pool.png",
      "ascent": 13,
      "height": 16,
      "chars": [ "\uE964" ]
    },
    {
      "type": "bitmap",
      "file": "minecraft:gui/painting/sea.png",
      "ascent": 13,
      "height": 16,
      "chars": [ "\uE965" ]
    },
    {
      "type": "bitmap",
      "file": "minecraft:gui/painting/skeleton.png",
      "ascent": 13,
      "height": 16,
      "chars": [ "\uE966" ]
    },
    {
      "type": "bitmap",
      "file": "minecraft:gui/painting/skull_and_roses.png",
      "ascent": 13,
      "height": 16,
      "chars": [ "\uE967" ]
    },
    {
      "type": "bitmap",
      "file": "minecraft:gui/painting/stage.png",
      "ascent": 13,
      "height": 16,
      "chars": [ "\uE968" ]
    },
    {
      "type": "bitmap",
      "file": "minecraft:gui/painting/sunset.png",
      "ascent": 13,
      "height": 16,
      "chars": [ "\uE982" ]
    },
    {
      "type": "bitmap",
      "file": "minecraft:gui/painting/void.png",
      "ascent": 13,
      "height": 16,
      "chars": [ "\uE976" ]
    },
    {
      "type": "bitmap",
      "file": "minecraft:gui/painting/wanderer.png",
      "ascent": 13,
      "height": 16,
      "chars": [ "\uE977" ]
    },
    {
      "type": "bitmap",
      "file": "minecraft:gui/painting/wasteland.png",
      "ascent": 13,
      "height": 16,
      "chars": [ "\uE978" ]
    },
    {
      "type": "bitmap",
      "file": "minecraft:gui/painting/water.png",
      "ascent": 13,
      "height": 16,
      "chars": [ "\uE979" ]
    },
    {
      "type": "bitmap",
      "file": "minecraft:gui/painting/wind.png",
      "ascent": 13,
      "height": 16,
      "chars": [ "\uE980" ]
    },
    {
      "type": "bitmap",
      "file": "minecraft:gui/painting/wither.png",
      "ascent": 13,
      "height": 16,
      "chars": [ "\uE981" ]
    },
    {
      "type": "bitmap",
      "file": "minecraft:gui/folder.png",
      "ascent": 13,
      "height": 16,
      "chars": [ "\uE983" ]
    },
    {
      "type": "bitmap",
      "file": "minecraft:gui/container/stone.png",
      "ascent": 8,
      "height": 64,
      "chars": [ "\uE985" ]
    },
    {
      "type": "bitmap",
      "file": "minecraft:gui/container/iron.png",
      "ascent": 8,
      "height": 64,
      "chars": [ "\uE986" ]
    },
    {
      "type": "bitmap",
      "file": "minecraft:gui/container/gold.png",
      "ascent": 8,
      "height": 64,
      "chars": [ "\uE987" ]
    },
    {
      "type": "bitmap",
      "file": "minecraft:gui/container/emerald.png",
      "ascent": 8,
      "height": 64,
      "chars": [ "\uE988" ]
    },
    {
      "type": "bitmap",
      "file": "minecraft:gui/container/diamond.png",
      "ascent": 8,
      "height": 64,
      "chars": [ "\uE989" ]
    },
    {
      "type": "bitmap",
      "file": "minecraft:gui/filler.png",
      "ascent": 0,
      "height": 1,
      "chars": [ "\uE990" ]
    },
    {
      "type": "bitmap",
      "file": "minecraft:gui/container/barrel.png",
      "height": 73,
      "ascent": 14,
      "chars": [ "\uE991" ]
    },
    {
      "type": "bitmap",
      "file": "minecraft:gui/container/chest_boat.png",
      "height": 73,
      "ascent": 14,
      "chars": [ "\uE992" ]
    },
    {
      "type": "bitmap",
      "file": "minecraft:gui/container/chest_minecart.png",
      "height": 73,
      "ascent": 14,
      "chars": [ "\uE993" ]
    },
    {
      "type": "bitmap",
      "file": "minecraft:gui/container/hopper_minecart.png",
      "height": 73,
      "ascent": 12,
      "chars": [ "\uE994" ]
    },
    {
      "type": "bitmap",
      "file": "minecraft:gui/container/ender_chest.png",
      "height": 73,
      "ascent": 14,
      "chars": [ "\uE995" ]
    },
    {
      "type": "bitmap",
      "file": "minecraft:gui/container/dropper.png",
      "height": 73,
      "ascent": 12,
      "chars": [ "\uE996" ]
    },
    {
      "type": "bitmap",
      "file": "minecraft:gui/container/chest.png",
      "height": 73,
      "ascent": 14,
      "chars": [ "\uE997" ]
    },
    {
      "type": "bitmap",
      "file": "minecraft:gui/container/large_chest.png",
      "height": 128,
      "ascent": 14,
      "chars": [ "\uE998" ]
    },

    {
      "type": "bitmap",
      "file": "minecraft:gui/fish/anemone.png",
      "height": 12,
      "ascent": 10,
      "chars": [ "\uE78A" ]
    },
    {
      "type": "bitmap",
      "file": "minecraft:gui/fish/black_tang.png",
      "height": 12,
      "ascent": 10,
      "chars": [ "\uE78B" ]
    },
    {
      "type": "bitmap",
      "file": "minecraft:gui/fish/blue_tang.png",
      "height": 12,
      "ascent": 10,
      "chars": [ "\uE78C" ]
    },
    {
      "type": "bitmap",
      "file": "minecraft:gui/fish/butterflyfish.png",
      "height": 12,
      "ascent": 10,
      "chars": [ "\uE78D" ]
    },
    {
      "type": "bitmap",
      "file": "minecraft:gui/fish/cichlid.png",
      "height": 12,
      "ascent": 10,
      "chars": [ "\uE78E" ]
    },
    {
      "type": "bitmap",
      "file": "minecraft:gui/fish/clownfish.png",
      "height": 12,
      "ascent": 10,
      "chars": [ "\uE78F" ]
    },
    {
      "type": "bitmap",
      "file": "minecraft:gui/fish/cotton_candy_betta.png",
      "height": 12,
      "ascent": 10,
      "chars": [ "\uE79A" ]
    },
    {
      "type": "bitmap",
      "file": "minecraft:gui/fish/dottyback.png",
      "height": 12,
      "ascent": 10,
      "chars": [ "\uE79B" ]
    },
    {
      "type": "bitmap",
      "file": "minecraft:gui/fish/emporor_red_snapper.png",
      "height": 12,
      "ascent": 10,
      "chars": [ "\uE79C" ]
    },
    {
      "type": "bitmap",
      "file": "minecraft:gui/fish/goatfish.png",
      "height": 12,
      "ascent": 10,
      "chars": [ "\uE79D" ]
    },
    {
      "type": "bitmap",
      "file": "minecraft:gui/fish/moorish_idol.png",
      "height": 12,
      "ascent": 10,
      "chars": [ "\uE79E" ]
    },
    {
      "type": "bitmap",
      "file": "minecraft:gui/fish/ornate_butterflyfish.png",
      "height": 12,
      "ascent": 10,
      "chars": [ "\uE79F" ]
    },
    {
      "type": "bitmap",
      "file": "minecraft:gui/fish/parrotfish.png",
      "height": 12,
      "ascent": 10,
      "chars": [ "\uE80A" ]
    },
    {
      "type": "bitmap",
      "file": "minecraft:gui/fish/queen_angelfish.png",
      "height": 12,
      "ascent": 10,
      "chars": [ "\uE80B" ]
    },
    {
      "type": "bitmap",
      "file": "minecraft:gui/fish/red_cichlid.png",
      "height": 12,
      "ascent": 10,
      "chars": [ "\uE80C" ]
    },
    {
      "type": "bitmap",
      "file": "minecraft:gui/fish/red_lipped_blenny.png",
      "height": 12,
      "ascent": 10,
      "chars": [ "\uE80D" ]
    },
    {
      "type": "bitmap",
      "file": "minecraft:gui/fish/red_snapper.png",
      "height": 12,
      "ascent": 10,
      "chars": [ "\uE80E" ]
    },
    {
      "type": "bitmap",
      "file": "minecraft:gui/fish/threadfin.png",
      "height": 12,
      "ascent": 10,
      "chars": [ "\uE80F" ]
    },
    {
      "type": "bitmap",
      "file": "minecraft:gui/fish/tomato_clownfish.png",
      "height": 12,
      "ascent": 10,
      "chars": [ "\uE81A" ]
    },
    {
      "type": "bitmap",
      "file": "minecraft:gui/fish/triggerfish.png",
      "height": 12,
      "ascent": 10,
      "chars": [ "\uE81B" ]
    },
    {
      "type": "bitmap",
      "file": "minecraft:gui/fish/yellow_tang.png",
      "height": 12,
      "ascent": 10,
      "chars": [ "\uE81C" ]
    },
    {
      "type": "bitmap",
      "file": "minecraft:gui/fish/yellowtail_parrotfish.png",
      "height": 12,
      "ascent": 10,
      "chars": [ "\uE81D" ]
    },
    {
      "type": "bitmap",
      "file": "minecraft:gui/fish/pattern_betty.png",
      "height": 12,
      "ascent": 10,
      "chars": [ "\uE81E" ]
    },
    {
      "type": "bitmap",
      "file": "minecraft:gui/fish/pattern_blockfish.png",
      "height": 12,
      "ascent": 10,
      "chars": [ "\uE81F" ]
    },
    {
      "type": "bitmap",
      "file": "minecraft:gui/fish/pattern_brinely.png",
      "height": 12,
      "ascent": 10,
      "chars": [ "\uE82A" ]
    },
    {
      "type": "bitmap",
      "file": "minecraft:gui/fish/pattern_clayfish.png",
      "height": 12,
      "ascent": 10,
      "chars": [ "\uE82B" ]
    },
    {
      "type": "bitmap",
      "file": "minecraft:gui/fish/pattern_dasher.png",
      "height": 12,
      "ascent": 10,
      "chars": [ "\uE82C" ]
    },
    {
      "type": "bitmap",
      "file": "minecraft:gui/fish/pattern_flopper.png",
      "height": 12,
      "ascent": 10,
      "chars": [ "\uE82D" ]
    },
    {
      "type": "bitmap",
      "file": "minecraft:gui/fish/pattern_glitter.png",
      "height": 12,
      "ascent": 10,
      "chars": [ "\uE82E" ]
    },
    {
      "type": "bitmap",
      "file": "minecraft:gui/fish/pattern_kob.png",
      "height": 12,
      "ascent": 10,
      "chars": [ "\uE82F" ]
    },
    {
      "type": "bitmap",
      "file": "minecraft:gui/fish/pattern_snooper.png",
      "height": 12,
      "ascent": 10,
      "chars": [ "\uE83A" ]
    },
    {
      "type": "bitmap",
      "file": "minecraft:gui/fish/pattern_spotty.png",
      "height": 12,
      "ascent": 10,
      "chars": [ "\uE83B" ]
    },
    {
      "type": "bitmap",
      "file": "minecraft:gui/fish/pattern_stripey.png",
      "height": 12,
      "ascent": 10,
      "chars": [ "\uE83C" ]
    },
    {
      "type": "bitmap",
      "file": "minecraft:gui/fish/pattern_sunstreak.png",
      "height": 12,
      "ascent": 10,
      "chars": [ "\uE83D" ]
    },
    {
      "type": "bitmap",
      "file": "minecraft:gui/black.png",
      "height": 9,
      "ascent": 7,
      "chars": [ "\uE83E" ]
    },
    {
      "type": "bitmap",
      "file": "minecraft:gui/blue.png",
      "height": 9,
      "ascent": 7,
      "chars": [ "\uE83F" ]
    },
    {
      "type": "bitmap",
      "file": "minecraft:gui/brown.png",
      "height": 9,
      "ascent": 7,
      "chars": [ "\uE84A" ]
    },
    {
      "type": "bitmap",
      "file": "minecraft:gui/cyan.png",
      "height": 9,
      "ascent": 7,
      "chars": [ "\uE84B" ]
    },
    {
      "type": "bitmap",
      "file": "minecraft:gui/gray.png",
      "height": 9,
      "ascent": 7,
      "chars": [ "\uE84C" ]
    },
    {
      "type": "bitmap",
      "file": "minecraft:gui/green.png",
      "height": 9,
      "ascent": 7,
      "chars": [ "\uE84D" ]
    },
    {
      "type": "bitmap",
      "file": "minecraft:gui/light_blue.png",
      "height": 9,
      "ascent": 7,
      "chars": [ "\uE84E" ]
    },
    {
      "type": "bitmap",
      "file": "minecraft:gui/light_gray.png",
      "height": 9,
      "ascent": 7,
      "chars": [ "\uE84F" ]
    },
    {
      "type": "bitmap",
      "file": "minecraft:gui/lime.png",
      "height": 9,
      "ascent": 7,
      "chars": [ "\uE85A" ]
    },
    {
      "type": "bitmap",
      "file": "minecraft:gui/magenta.png",
      "height": 9,
      "ascent": 7,
      "chars": [ "\uE85B" ]
    },
    {
      "type": "bitmap",
      "file": "minecraft:gui/orange.png",
      "height": 9,
      "ascent": 7,
      "chars": [ "\uE85C" ]
    },
    {
      "type": "bitmap",
      "file": "minecraft:gui/pink.png",
      "height": 9,
      "ascent": 7,
      "chars": [ "\uE85D" ]
    },
    {
      "type": "bitmap",
      "file": "minecraft:gui/purple.png",
      "height": 9,
      "ascent": 7,
      "chars": [ "\uE85E" ]
    },
    {
      "type": "bitmap",
      "file": "minecraft:gui/red.png",
      "height": 9,
      "ascent": 7,
      "chars": [ "\uE85F" ]
    },
    {
      "type": "bitmap",
      "file": "minecraft:gui/white.png",
      "height": 9,
      "ascent": 7,
      "chars": [ "\uE86A" ]
    },
    {
      "type": "bitmap",
      "file": "minecraft:gui/yellow.png",
      "height": 9,
      "ascent": 7,
      "chars": [ "\uE86B" ]
    },
    {
      "type": "bitmap",
      "file": "minecraft:gui/firework/burst.png",
      "height": 9,
      "ascent": 7,
      "chars": [ "\uE86C" ]
    },
    {
      "type": "bitmap",
      "file": "minecraft:gui/firework/creeper.png",
      "height": 9,
      "ascent": 7,
      "chars": [ "\uE86D" ]
    },
    {
      "type": "bitmap",
      "file": "minecraft:gui/firework/custom_color.png",
      "height": 9,
      "ascent": 7,
      "chars": [ "\uE86E" ]
    },
    {
      "type": "bitmap",
      "file": "minecraft:gui/firework/fade_to.png",
      "height": 9,
      "ascent": 7,
      "chars": [ "\uE86F" ]
    },
    {
      "type": "bitmap",
      "file": "minecraft:gui/firework/large_ball.png",
      "height": 9,
      "ascent": 7,
      "chars": [ "\uE87A" ]
    },
    {
      "type": "bitmap",
      "file": "minecraft:gui/firework/small_ball.png",
      "height": 9,
      "ascent": 7,
      "chars": [ "\uE87B" ]
    },
    {
      "type": "bitmap",
      "file": "minecraft:gui/firework/star.png",
      "height": 9,
      "ascent": 7,
      "chars": [ "\uE87C" ]
    },
    {
      "type": "bitmap",
      "file": "minecraft:gui/firework/trail.png",
      "height": 9,
      "ascent": 7,
      "chars": [ "\uE87D" ]
    },
    {
      "type": "bitmap",
      "file": "minecraft:gui/firework/twinkle.png",
      "height": 9,
      "ascent": 7,
      "chars": [ "\uE87E" ]
    },
    {
      "type": "bitmap",
      "file": "minecraft:gui/firework/unknown.png",
      "height": 9,
      "ascent": 7,
      "chars": [ "\uE87F" ]
    },
    {
      "type": "bitmap",
      "file": "minecraft:gui/pot/angler.png",
      "height": 12,
      "ascent": 10,
      "chars": [ "\uE88A" ]
    },
    {
      "type": "bitmap",
      "file": "minecraft:gui/pot/archer.png",
      "height": 12,
      "ascent": 10,
      "chars": [ "\uE88B" ]
    },
    {
      "type": "bitmap",
      "file": "minecraft:gui/pot/arms_up.png",
      "height": 12,
      "ascent": 10,
      "chars": [ "\uE88C" ]
    },
    {
      "type": "bitmap",
      "file": "minecraft:gui/pot/blade.png",
      "height": 12,
      "ascent": 10,
      "chars": [ "\uE88D" ]
    },
    {
      "type": "bitmap",
      "file": "minecraft:gui/pot/brewer.png",
      "height": 12,
      "ascent": 10,
      "chars": [ "\uE88E" ]
    },
    {
      "type": "bitmap",
      "file": "minecraft:gui/pot/burn.png",
      "height": 12,
      "ascent": 10,
      "chars": [ "\uE88F" ]
    },
    {
      "type": "bitmap",
      "file": "minecraft:gui/pot/danger.png",
      "height": 12,
      "ascent": 10,
      "chars": [ "\uE89A" ]
    },
    {
      "type": "bitmap",
      "file": "minecraft:gui/pot/explorer.png",
      "height": 12,
      "ascent": 10,
      "chars": [ "\uE89B" ]
    },
    {
      "type": "bitmap",
      "file": "minecraft:gui/pot/friend.png",
      "height": 12,
      "ascent": 10,
      "chars": [ "\uE89C" ]
    },
    {
      "type": "bitmap",
      "file": "minecraft:gui/pot/heart.png",
      "height": 12,
      "ascent": 10,
      "chars": [ "\uE89D" ]
    },
    {
      "type": "bitmap",
      "file": "minecraft:gui/pot/heartbreak.png",
      "height": 12,
      "ascent": 10,
      "chars": [ "\uE89E" ]
    },
    {
      "type": "bitmap",
      "file": "minecraft:gui/pot/howl.png",
      "height": 12,
      "ascent": 10,
      "chars": [ "\uE89F" ]
    },
    {
      "type": "bitmap",
      "file": "minecraft:gui/pot/miner.png",
      "height": 12,
      "ascent": 10,
      "chars": [ "\uE90A" ]
    },
    {
      "type": "bitmap",
      "file": "minecraft:gui/pot/mourner.png",
      "height": 12,
      "ascent": 10,
      "chars": [ "\uE90B" ]
    },
    {
      "type": "bitmap",
      "file": "minecraft:gui/pot/plenty.png",
      "height": 12,
      "ascent": 10,
      "chars": [ "\uE90C" ]
    },
    {
      "type": "bitmap",
      "file": "minecraft:gui/pot/prize.png",
      "height": 12,
      "ascent": 10,
      "chars": [ "\uE90D" ]
    },
    {
      "type": "bitmap",
      "file": "minecraft:gui/pot/sheaf.png",
      "height": 12,
      "ascent": 10,
      "chars": [ "\uE90E" ]
    },
    {
      "type": "bitmap",
      "file": "minecraft:gui/pot/shelter.png",
      "height": 12,
      "ascent": 10,
      "chars": [ "\uE90F" ]
    },
    {
      "type": "bitmap",
      "file": "minecraft:gui/pot/skull.png",
      "height": 12,
      "ascent": 10,
      "chars": [ "\uE91A" ]
    },
    {
      "type": "bitmap",
      "file": "minecraft:gui/pot/snort.png",
      "height": 12,
      "ascent": 10,
      "chars": [ "\uE91B" ]
    },
    {
      "type": "bitmap",
      "file": "minecraft:gui/pot/guster.png",
      "height": 12,
      "ascent": 10,
      "chars": [ "\uE98B" ]
    },
    {
      "type": "bitmap",
      "file": "minecraft:gui/pot/flow.png",
      "height": 12,
      "ascent": 10,
      "chars": [ "\uE98C" ]
    },
    {
      "type": "bitmap",
      "file": "minecraft:gui/pot/scrape.png",
      "height": 12,
      "ascent": 10,
      "chars": [ "\uE98D" ]
    },
    {
      "type": "bitmap",
      "file": "minecraft:gui/banner/border.png",
      "height": 10,
      "ascent": 8,
      "chars": [ "\uE98E" ]
    },
    {
      "type": "bitmap",
      "file": "minecraft:gui/banner/bricks.png",
      "height": 10,
      "ascent": 8,
      "chars": [ "\uE98F" ]
    },
    {
      "type": "bitmap",
      "file": "minecraft:gui/banner/circle.png",
      "height": 10,
      "ascent": 8,
      "chars": [ "\uE99A" ]
    },
    {
      "type": "bitmap",
      "file": "minecraft:gui/banner/creeper.png",
      "height": 10,
      "ascent": 8,
      "chars": [ "\uE99B" ]
    },
    {
      "type": "bitmap",
      "file": "minecraft:gui/banner/cross.png",
      "height": 10,
      "ascent": 8,
      "chars": [ "\uE99C" ]
    },
    {
      "type": "bitmap",
      "file": "minecraft:gui/banner/curly_border.png",
      "height": 10,
      "ascent": 8,
      "chars": [ "\uE99D" ]
    },
    {
      "type": "bitmap",
      "file": "minecraft:gui/banner/diagonal_left.png",
      "height": 10,
      "ascent": 8,
      "chars": [ "\uE99E" ]
    },
    {
      "type": "bitmap",
      "file": "minecraft:gui/banner/diagonal_right.png",
      "height": 10,
      "ascent": 8,
      "chars": [ "\uE99F" ]
    },
    {
      "type": "bitmap",
      "file": "minecraft:gui/banner/diagonal_up_left.png",
      "height": 10,
      "ascent": 8,
      "chars": [ "\uE7A2" ]
    },
    {
      "type": "bitmap",
      "file": "minecraft:gui/banner/diagonal_up_right.png",
      "height": 10,
      "ascent": 8,
      "chars": [ "\uE7B2" ]
    },
    {
      "type": "bitmap",
      "file": "minecraft:gui/banner/flow.png",
      "height": 10,
      "ascent": 8,
      "chars": [ "\uE7C2" ]
    },
    {
      "type": "bitmap",
      "file": "minecraft:gui/banner/flower.png",
      "height": 10,
      "ascent": 8,
      "chars": [ "\uE7D2" ]
    },
    {
      "type": "bitmap",
      "file": "minecraft:gui/banner/globe.png",
      "height": 10,
      "ascent": 8,
      "chars": [ "\uE7E2" ]
    },
    {
      "type": "bitmap",
      "file": "minecraft:gui/banner/gradient.png",
      "height": 10,
      "ascent": 8,
      "chars": [ "\uE7A3" ]
    },
    {
      "type": "bitmap",
      "file": "minecraft:gui/banner/gradient_up.png",
      "height": 10,
      "ascent": 8,
      "chars": [ "\uE7F2" ]
    },
    {
      "type": "bitmap",
      "file": "minecraft:gui/banner/guster.png",
      "height": 10,
      "ascent": 8,
      "chars": [ "\uE7B3" ]
    },
    {
      "type": "bitmap",
      "file": "minecraft:gui/banner/half_horizontal.png",
      "height": 10,
      "ascent": 8,
      "chars": [ "\uE7D3" ]
    },
    {
      "type": "bitmap",
      "file": "minecraft:gui/banner/half_horizontal_bottom.png",
      "height": 10,
      "ascent": 8,
      "chars": [ "\uE7C3" ]
    },
    {
      "type": "bitmap",
      "file": "minecraft:gui/banner/half_vertical.png",
      "height": 10,
      "ascent": 8,
      "chars": [ "\uE7F3" ]
    },
    {
      "type": "bitmap",
      "file": "minecraft:gui/banner/half_vertical_right.png",
      "height": 10,
      "ascent": 8,
      "chars": [ "\uE7E3" ]
    },
    {
      "type": "bitmap",
      "file": "minecraft:gui/banner/mojang.png",
      "height": 10,
      "ascent": 8,
      "chars": [ "\uE7A4" ]
    },
    {
      "type": "bitmap",
      "file": "minecraft:gui/banner/piglin.png",
      "height": 10,
      "ascent": 8,
      "chars": [ "\uE7B4" ]
    },
    {
      "type": "bitmap",
      "file": "minecraft:gui/banner/rhombus.png",
      "height": 10,
      "ascent": 8,
      "chars": [ "\uE7C4" ]
    },
    {
      "type": "bitmap",
      "file": "minecraft:gui/banner/skull.png",
      "height": 10,
      "ascent": 8,
      "chars": [ "\uE7D4" ]
    },
    {
      "type": "bitmap",
      "file": "minecraft:gui/banner/small_stripes.png",
      "height": 10,
      "ascent": 8,
      "chars": [ "\uE7E4" ]
    },
    {
      "type": "bitmap",
      "file": "minecraft:gui/banner/square_bottom_left.png",
      "height": 10,
      "ascent": 8,
      "chars": [ "\uE7F4" ]
    },
    {
      "type": "bitmap",
      "file": "minecraft:gui/banner/square_bottom_right.png",
      "height": 10,
      "ascent": 8,
      "chars": [ "\uE7A5" ]
    },
    {
      "type": "bitmap",
      "file": "minecraft:gui/banner/square_top_left.png",
      "height": 10,
      "ascent": 8,
      "chars": [ "\uE7B5" ]
    },
    {
      "type": "bitmap",
      "file": "minecraft:gui/banner/square_top_right.png",
      "height": 10,
      "ascent": 8,
      "chars": [ "\uE7C5" ]
    },
    {
      "type": "bitmap",
      "file": "minecraft:gui/banner/straight_cross.png",
      "height": 10,
      "ascent": 8,
      "chars": [ "\uE7D5" ]
    },
    {
      "type": "bitmap",
      "file": "minecraft:gui/banner/stripe_bottom.png",
      "height": 10,
      "ascent": 8,
      "chars": [ "\uE7E5" ]
    },
    {
      "type": "bitmap",
      "file": "minecraft:gui/banner/stripe_center.png",
      "height": 10,
      "ascent": 8,
      "chars": [ "\uE7F5" ]
    },
    {
      "type": "bitmap",
      "file": "minecraft:gui/banner/stripe_downleft.png",
      "height": 10,
      "ascent": 8,
      "chars": [ "\uE7A6" ]
    },
    {
      "type": "bitmap",
      "file": "minecraft:gui/banner/stripe_downright.png",
      "height": 10,
      "ascent": 8,
      "chars": [ "\uE7B6" ]
    },
    {
      "type": "bitmap",
      "file": "minecraft:gui/banner/stripe_left.png",
      "height": 10,
      "ascent": 8,
      "chars": [ "\uE7C6" ]
    },
    {
      "type": "bitmap",
      "file": "minecraft:gui/banner/stripe_middle.png",
      "height": 10,
      "ascent": 8,
      "chars": [ "\uE7D6" ]
    },
    {
      "type": "bitmap",
      "file": "minecraft:gui/banner/stripe_right.png",
      "height": 10,
      "ascent": 8,
      "chars": [ "\uE7E6" ]
    },
    {
      "type": "bitmap",
      "file": "minecraft:gui/banner/stripe_top.png",
      "height": 10,
      "ascent": 8,
      "chars": [ "\uE7F6" ]
    },
    {
      "type": "bitmap",
      "file": "minecraft:gui/banner/triangle_bottom.png",
      "height": 10,
      "ascent": 8,
      "chars": [ "\uE7A7" ]
    },
    {
      "type": "bitmap",
      "file": "minecraft:gui/banner/triangle_top.png",
      "height": 10,
      "ascent": 8,
      "chars": [ "\uE7B7" ]
    },
    {
      "type": "bitmap",
      "file": "minecraft:gui/banner/triangles_bottom.png",
      "height": 10,
      "ascent": 8,
      "chars": [ "\uE7C7" ]
    },
    {
      "type": "bitmap",
      "file": "minecraft:gui/banner/triangles_top.png",
      "height": 10,
      "ascent": 8,
      "chars": [ "\uE7D7" ]
    },
    {
      "type": "bitmap",
      "file": "minecraft:gui/effect/blindness.png",
      "height": 8,
      "ascent": 6,
      "chars": [ "\uE91C" ]
    },
    {
      "type": "bitmap",
      "file": "minecraft:gui/effect/fire_resistance.png",
      "height": 8,
      "ascent": 6,
      "chars": [ "\uE91D" ]
    },
    {
      "type": "bitmap",
      "file": "minecraft:gui/effect/instant_damage.png",
      "height": 8,
      "ascent": 6,
      "chars": [ "\uE91E" ]
    },
    {
      "type": "bitmap",
      "file": "minecraft:gui/effect/instant_health.png",
      "height": 8,
      "ascent": 6,
      "chars": [ "\uE91F" ]
    },
    {
      "type": "bitmap",
      "file": "minecraft:gui/effect/invisibility.png",
      "height": 8,
      "ascent": 6,
      "chars": [ "\uE92A" ]
    },
    {
      "type": "bitmap",
      "file": "minecraft:gui/effect/jump_boost.png",
      "height": 8,
      "ascent": 6,
      "chars": [ "\uE92B" ]
    },
    {
      "type": "bitmap",
      "file": "minecraft:gui/effect/luck.png",
      "height": 8,
      "ascent": 6,
      "chars": [ "\uE92C" ]
    },
    {
      "type": "bitmap",
      "file": "minecraft:gui/effect/night_vision.png",
      "height": 8,
      "ascent": 6,
      "chars": [ "\uE92D" ]
    },
    {
      "type": "bitmap",
      "file": "minecraft:gui/effect/poison.png",
      "height": 8,
      "ascent": 6,
      "chars": [ "\uE92E" ]
    },
    {
      "type": "bitmap",
      "file": "minecraft:gui/effect/regeneration.png",
      "height": 8,
      "ascent": 6,
      "chars": [ "\uE92F" ]
    },
    {
      "type": "bitmap",
      "file": "minecraft:gui/effect/resistance.png",
      "height": 8,
      "ascent": 6,
      "chars": [ "\uE93A" ]
    },
    {
      "type": "bitmap",
      "file": "minecraft:gui/effect/slow_falling.png",
      "height": 8,
      "ascent": 6,
      "chars": [ "\uE93B" ]
    },
    {
      "type": "bitmap",
      "file": "minecraft:gui/effect/slowness.png",
      "height": 8,
      "ascent": 6,
      "chars": [ "\uE93C" ]
    },
    {
      "type": "bitmap",
      "file": "minecraft:gui/effect/speed.png",
      "height": 8,
      "ascent": 6,
      "chars": [ "\uE93D" ]
    },
    {
      "type": "bitmap",
      "file": "minecraft:gui/effect/strength.png",
      "height": 8,
      "ascent": 6,
      "chars": [ "\uE93E" ]
    },
    {
      "type": "bitmap",
      "file": "minecraft:gui/effect/saturation.png",
      "height": 8,
      "ascent": 6,
      "chars": [ "\uE93F" ]
    },
    {
      "type": "bitmap",
      "file": "minecraft:gui/effect/water_breathing.png",
      "height": 8,
      "ascent": 6,
      "chars": [ "\uE94A" ]
    },
    {
      "type": "bitmap",
      "file": "minecraft:gui/effect/weakness.png",
      "height": 8,
      "ascent": 6,
      "chars": [ "\uE94B" ]
    },
    {
      "type": "bitmap",
      "file": "minecraft:gui/effect/wither.png",
      "height": 8,
      "ascent": 6,
      "chars": [ "\uE94C" ]
    },
    {
      "type": "bitmap",
      "file": "minecraft:gui/command_impulse.png",
      "height": 12,
      "ascent": 9,
      "chars": [ "\uE94D" ]
    },
    {
      "type": "bitmap",
      "file": "minecraft:gui/command_chain.png",
      "height": 12,
      "ascent": 9,
      "chars": [ "\uE94E" ]
    },
    {
      "type": "bitmap",
      "file": "minecraft:gui/command_repeat.png",
      "height": 12,
      "ascent": 9,
      "chars": [ "\uE94F" ]
    },
    {
      "type": "bitmap",
      "file": "minecraft:gui/command_unconditional.png",
      "height": 12,
      "ascent": 9,
      "chars": [ "\uE95A" ]
    },
    {
      "type": "bitmap",
      "file": "minecraft:gui/command_conditional.png",
      "height": 12,
      "ascent": 9,
      "chars": [ "\uE95B" ]
    },
    {
      "type": "bitmap",
      "file": "minecraft:gui/command_redstone.png",
      "height": 12,
      "ascent": 9,
      "chars": [ "\uE95C" ]
    },
    {
      "type": "bitmap",
      "file": "minecraft:gui/command_active.png",
      "height": 12,
      "ascent": 9,
      "chars": [ "\uE95D" ]
    },
    {
      "type": "bitmap",
      "file": "minecraft:gui/structure_bounding.png",
      "height": 12,
      "ascent": 11,
      "chars": [ "\uE95E" ]
    },
    {
      "type": "bitmap",
      "file": "minecraft:gui/structure_corner.png",
      "height": 12,
      "ascent": 9,
      "chars": [ "\uE95F" ]
    },
    {
      "type": "bitmap",
      "file": "minecraft:gui/structure_data.png",
      "height": 12,
      "ascent": 9,
      "chars": [ "\uE96A" ]
    },
    {
      "type": "bitmap",
      "file": "minecraft:gui/structure_detect.png",
      "height": 12,
      "ascent": 11,
      "chars": [ "\uE96B" ]
    },
    {
      "type": "bitmap",
      "file": "minecraft:gui/structure_entities.png",
      "height": 12,
      "ascent": 11,
      "chars": [ "\uE96C" ]
    },
    {
      "type": "bitmap",
      "file": "minecraft:gui/structure_invisible_blocks.png",
      "height": 12,
      "ascent": 11,
      "chars": [ "\uE96D" ]
    },
    {
      "type": "bitmap",
      "file": "minecraft:gui/structure_load.png",
      "height": 12,
      "ascent": 9,
      "chars": [ "\uE96E" ]
    },
    {
      "type": "bitmap",
      "file": "minecraft:gui/structure_position.png",
      "height": 12,
      "ascent": 11,
      "chars": [ "\uE96F" ]
    },
    {
      "type": "bitmap",
      "file": "minecraft:gui/structure_save.png",
      "height": 12,
      "ascent": 9,
      "chars": [ "\uE97A" ]
    },
    {
      "type": "bitmap",
      "file": "minecraft:gui/structure_size.png",
      "height": 12,
      "ascent": 11,
      "chars": [ "\uE97B" ]
    },
    {
      "type": "bitmap",
      "file": "minecraft:gui/time.png",
      "height": 9,
      "ascent": 7,
      "chars": [ "\uE97C" ]
    },
    {
      "type": "bitmap",
      "file": "minecraft:gui/container/wandering_trader.png",
      "height": 77,
      "ascent": 13,
      "chars": [ "\uE97D" ]
    }
  ]
}
