{
  "variants": {
    "north=false,east=false,south=false,west=false": { "model": "block/template_pane_post" },
    "north=true,east=false,south=false,west=false": { "model": "block/template_pane_end" },
    "north=false,east=true,south=false,west=false": { "model": "block/template_pane_end", "y": 90 },
    "north=false,east=false,south=true,west=false": { "model": "block/template_pane_end", "y": 180 },
    "north=false,east=false,south=false,west=true": { "model": "block/template_pane_end", "y": 270 },
    "north=true,east=false,south=true,west=false": { "model": "block/template_pane_line" },
    "north=false,east=true,south=false,west=true": { "model": "block/template_pane_line", "y": 90 },
    "north=true,east=true,south=false,west=false": { "model": "block/template_pane_corner" },
    "north=false,east=true,south=true,west=false": { "model": "block/template_pane_corner", "y": 90 },
    "north=false,east=false,south=true,west=true": { "model": "block/template_pane_corner", "y": 180 },
    "north=true,east=false,south=false,west=true": { "model": "block/template_pane_corner", "y": 270 },
    "north=true,east=true,south=true,west=false": { "model": "block/template_pane_t" },
    "north=false,east=true,south=true,west=true": { "model": "block/template_pane_t", "y": 90 },
    "north=true,east=false,south=true,west=true": { "model": "block/template_pane_t", "y": 180 },
    "north=true,east=true,south=false,west=true": { "model": "block/template_pane_t", "y": 270 },
    "north=true,east=true,south=true,west=true": { "model": "block/template_pane_cross" }
  }
}